My ordinary Life,Music,60,Mon,06/10/2025
Gachiakuta,Anime,24,Mon,06/10/2025
Dr Stone Anime,Anime,24,Mon,06/10/2025
Latex tutorial,Educational,14,Mon,06/10/2025
Set Theory revision,Educational,30,Mon,06/10/2025
Relations revision,Educational,7,Mon,06/10/2025
Ultrakill Cat challenge,Gaming,60,Tue,07/10/2025
DST duo speedrun,Gaming,60,Tue,07/10/2025
LTT,Technology,6,Wed,08/10/2025
RCA Studio II,Technology,27,Wed,08/10/2025
Brocode Java tutorial,Educational,120,Thu,09/10/2025
FNAF Soul Link,Gaming,60,Thu,09/10/2025
LTT underwater audio,Technology,16,Fri,10/10/2025
Smii7y Skate,Gaming,17,Fri,10/10/2025
Hardest Chinese MC mod,Gaming,227,Fri,10/10/2025
I'm still standing,Music,3,Sat,11/10/2025
My Ordinary Life,Music,4,Sat,11/10/2025
LTT house burnt down,Technology,26,Sat,11/10/2025
Gachiakuta,Anime,24,Sun,12/10/2025
Clever Antenna Design,Technology,18,Sun,12/10/2025
Washing Machine Heart,Music,2,Sun,12/10/2025
All in one Set Theory,Educational,30,Mon,13/10/2025
Gnome King OST PvZ GW2,Music,15,Mon,13/10/2025
Lecture Computer History,Educational,60,Mon,13/10/2025
War Without Reason,Music,6,Mon,13/10/2025
Dr Stone,Anime,24,Mon,13/10/2025
Fake vs Real tech,Technology,22,Tue,14/10/2025
Poppy Playtime leaks,Gaming,6,Tue,14/10/2025
Little Nightmares 3 playthrough,Gaming,60,Tue,14/10/2025
qualcomm bought arduino,Technology,6,Wed,15/10/2025
Programming in Assembly without OS,Technology,27,Wed,15/10/2025
The world looks red Orchestral Guitar cover,Music,3,Thu,16/10/2025
The Otsuchi of Justice,Music,8,Thu,16/10/2025
Intro to Visual Paradigm,Educational,16,Thu,16/10/2025
Intro to brackets and PhpMyAdmin,Educational,6,Thu,16/10/2025
Why Europe is better than the US,Political,24,Thu,16/10/2025
LTT opening a supercomputer,Technology,19,Fri,17/10/2025
Cheapest deck possible,Gaming,12,Fri,17/10/2025
Making the hardest MC modpack,Gaming,19,Sat,18/10/2025
How far can I upgrade this laptop,Technology,12,Sat,18/10/2025
40000 dollar test chamber,Technology,16,Sat,18/10/2025
Arrays,Educational,9,Sun,19/10/2025
Gachiakuta,Anime,24,Sun,19/10/2025
Dr Stone,Anime,24,Sun,19/10/2025
Dr Stone,Anime,24,Sun,19/10/2025
Null,Null,Null,Mon,20/10/2025
meme monster in street fighter,Gaming,14,Tue,21/10/2025
Dr Stone,Anime,24,Tue,21/10/2025
273000$ of luxury tech,Technology,27,Wed,22/10/2025
Modded infinity time,Gaming,5,Wed,22/10/2025
Building a smartwatch from scratch,Technology,20,Wed,22/10/2025
ST7789 Arduino basics,Technology,6,Thu,23/10/2025
I made a PS3 Pro,Technology,24,Thu,23/10/2025
Making a game in Java,Educational,9,Thu,23/10/2025
Dr Stone,Anime,24,Fri,24/10/2025
7:10 ranked PB,Gaming,7,Fri,24/10/2025
Tenebre Rosso Sangue remix,Music,5,Sat,25/10/2025
I made a C++ game on the STACK,Technology,8,Sat,25/10/2025
Porting scratch to everything,Technology,18,Sun,26/10/2025
Setting up a LAN event,Technology,21,Sun,26/10/2025
can I turn my 10$ PC into a gaming beast?,Technology,20,Mon,27/10/2025
Gachiakuta,Anime,24,Tue,28/10/2025
Dr Stone,Anime,24,Tue,28/10/2025
1.6 bandit cycle,Gaming,12,Tue,28/10/2025
3D game engine in scratch,Technology,8,Tue,28/10/2025
Creative Coding for beginners,Educational,306,Wed,29/10/2025
Don't Starve Hamlet Porkapocalypse,Gaming,50,Wed,29/10/2025
Hello World with no libraries,Educational,12,Thu,30/10/2025
Rivals how to get jump pad,Gaming,3,Thu,30/10/2025
Cursor 2.0 is here,Technology,4,Fri,31/10/2025
I went undercover to answer your tech questions,Technology,21,Fri,31/10/2025
Quicksort Algorithm,Educational,4,Fri,31/10/2025
Dr Stone,Anime,24,Sat,01/11/2025
Dr Stone,Anime,24,Sat,01/11/2025
Powering my house with disposable vapes,Technology,20,Sat,01/11/2025
Dr Stone,Anime,24,Sat,01/11/2025
My ordinary life,Music,60,Sun,02/11/2025
Gachiakita,Anime,24,Sun,02/11/2025
I made my own PS5,Technology,10,Sun,02/11/2025
Lava only Minecraft,Gaming,97,Mon,03/11/2025
Java Full Course,Educational,400,Mon,03/11/2025
I tried beating Minecraft backwards,Gaming,23,Tue,04/11/2025
I tried a criminals phone for a month,Technology,15,Tue,04/11/2025
I bought every insta ad for a week,Technology,34,Tue,04/11/2025
Arduino made a weird SBC,Technology,8,Wed,05/11/2025
Cloud gaming is good now,Gaming,20,Thu,06/11/2025
Five Nights at Freddys 2 Official Trailer 2,Horror,2,Thu,06/11/2025
9 player Mario odyssey hide and seek,Gaming,53,Thu,06/11/2025
A custom PC worth hanging on the wall,Technology,30,Thu,06/11/2025
Arc raiders solo is absolute peace,Gaming,8,Thu,06/11/2025
3D terrain generation with perlin noise in Processing,Educational,23,Fri,07/11/2025
The ultimate farming challenge in don't starve,Gaming,37,Fri,07/11/2025
Database Normalization,Educational,28,Fri,07/11/2025
Dr Stone,Anime,24,Sat,08/11/2025
the mid 2000s were a great era for laptop design,Technology,24,Sat,08/11/2025
Liquid metal killed my laptop,Technology,18,Sat,08/11/2025
the new battlefield br is goofy,Gaming,17,Sat,08/11/2025
Entity Relationship Diagrams,Educational,20,Sun,09/11/2025
I investigated the most expensive phone brand,Technology,17,Sun,09/11/2025
Exoskeleton Aim Assist,Technology,19,Sun,09/11/2025
Otsuchi of Justice,Music,8,Sun,09/11/2025
Gachiakuta,Anime,24,Sun,09/11/2025